name,id
Bones,76708503-ddcd-48bf-a2dd-58260bf2db39
Madhouse,68ff5022-880b-41be-8e1e-44f68a58ad4b
Wit Studio,ea0c73c0-c771-41ca-a268-21fb3a1f2325
White Fox,9ee75f01-2aad-4bd9-a9fe-805861ea2155
Kyoto Animation,eaea217a-6918-45da-b796-cbeb3c9267f8
CoMix Wave Films,b1592862-c08c-478e-96c9-0a39a2eb9b12
Sunrise,5470e6f9-8438-44c9-8895-900ea6dee686
MAPPA,f04b8f28-6b7e-4274-ab8c-d465a54171d5
Studio Ghibli,aefafd23-0c50-4581-a6e5-24c307daa972
Toei Animation,5cde2f3d-eecf-4510-b490-50283a3d0c35
A-1 Pictures,0e0f165e-b703-424b-8e38-e938babb4b28
ufotable,d9b4de00-d697-47ef-b0dd-f066ea702379
Production I.G,5933f347-6bd5-456a-8983-808ec2dd2a95
Gainax,8a0a5406-e78b-47dd-a5b2-cd98632e0187
CloverWorks,9d85ac10-20c7-4fc6-987c-06ce102fc2c2
Kinema Citrus,db984520-4413-44f3-ac09-f552e34aa30d
Lerche,983da6a2-fd52-4100-b5bb-6e20957f7046
David Production,9f5fd65a-cc53-4da4-bb91-ec782094a059
Studio Bind,1afd2705-21c2-45ae-8f66-fe6c104c3fd7
Manglobe,12915530-c0ee-4b6f-a9e3-18fc23b4b2d2
Tatsunoko Production,26afcafc-52a5-4983-954d-143daeaa384d
Studio VOLN,47cfef1b-4b04-49bd-9316-eff97a761179
Studio Chizu,100423e3-51ec-4479-ba16-876f44d67dde
Shaft,4db93fb0-b5de-4e1b-87fb-4d6954fb01fd
Pierrot,c0940fd4-ca2b-4102-b9a2-1c2ccc35e07f
J.C.Staff,4c5029ba-5ee8-4a7d-a284-93f8df2c8335
Egg Firm,188a80fb-f280-4c44-b81f-a9f970d191f2
TMS Entertainment,d9f0f6cc-65de-40ef-8cae-45383bd37ae1
Trigger,62767bab-4219-474c-8aa3-72e0d48180c7
Doga Kobo,5a25e023-3e2a-4d11-a808-5e42bab069ac
Studio Deen,1b32c4b9-9261-4f9f-9e8c-3c9227dd9797
8bit,8e37c444-5120-404e-b83a-34543f9676fa
Satelight,d74fd119-45c9-4950-9661-48c39e8b63ca
Graphinica,67dd375d-7a82-4eff-8eae-ead3a8de2ab3
Zero-G,b9355771-8602-4c30-82a5-41670efb439f
OLM,973f9320-09f2-4051-b299-e38be4873c08
Tezuka Productions,490890f0-cab1-453b-93df-858450fd2f9c
Bandai Namco Pictures,28a89bf8-d3cb-41a2-8dc7-93a710f953d7
Artland,414e27a9-a66b-4565-8da9-3e5cde7af424
feel.,56b182ef-a5c0-40e8-959e-c7ca189956bc
Brain's Base,bc084e0a-71f9-4507-b98d-0fdc6cebbfe9
Nippon Animation,99df0a46-1c9f-40d4-b1d0-fb99770de55a
P.A. Works,c73cd998-80df-45a0-95fc-56cd0fbd56f8
Gonzo,ecc2045d-9fb4-41be-9dc4-6f6c0e6dca31
Khara,f5e64b9e-5e1b-4fe7-be44-44fe260a0e99
Tokyo Movie Shinsha,c9f65c03-2d76-4b5e-91f8-04b6c402bb82
Imagin,b731d7d4-f7a6-4b53-86fe-0097098d9242
P.I.C.S.,1c93fb4f-ea8c-4000-b59e-4511054c7739
Marvy Jack,4bf9a81c-197f-45e4-9632-86b91581a396
Nexus,20dde501-aa6e-49c6-be20-a1cb1844e754
Topcraft,3ee616a0-7c68-414d-9170-71803f53140f
Gallop,871e7e4a-1ea4-4856-8784-8a0c5818d828
Bibury Animation Studios,6efee6d6-5296-4709-8076-c48ee88c6d6d
LIDENFILMS,ecbb8430-e797-4313-96cf-9f6b51050fcc
Orange,de30c347-ab00-44db-acc6-ab18de60612d
C-Station,dfd23f7c-9155-4271-8c96-4c09ebc8de13
Studio Comet,5276a9b5-7f23-46a0-a051-e3957db1ae7a
Nut,1da59afb-ff36-458c-89eb-e6d09292dd69
Triangle Staff,86679b81-3b9f-4b58-8f7c-68ef5a6a6ca2
Seven Arcs,90f5596a-7bbd-4cf4-b95c-b0a40922a54c
LAN Studio,1d2f57cc-47a3-445d-ae96-766092323a71
Shuka,2b90adfe-379f-4f1e-95f2-332d6924a896
APPP,98626258-b08c-42e5-b2d3-a07e6615e767
Hoods Drifters Studio,2de71211-fb0c-4ce9-b710-ed7e9d7c5e50
Studio 4°C,eaaee228-ada1-43fe-9f6b-79710fb2ed82
Shin-Ei Animation,d0bd331d-eb15-4b9f-a5a5-4edacd73b4a8
Science SARU,9d507135-576e-4612-a6da-a5a4724b64dd
Pierrot Plus,bcad5771-80d1-454b-a85f-a304f0b7ac55
Pastel,14fcf5e2-98b1-4359-b7e2-dcb695ef6505
Lay-duce,b90ea073-1468-433d-88d1-f63b0a07754a
SILVER LINK.,81c07fdc-72c6-4d82-9dd0-ba6c49cb45f8
Hal Film Maker,e676cfa5-acbe-4803-bad8-301436988446
Ajia-do,28fcbad8-9626-4b54-b4d2-f0f7a7d95063
Geno Studio,72e860c1-e41a-472a-bd42-881634224f30
K-Factory,cb932577-2c11-44ea-b63e-fc7031440b64
Kitty Film Mitaka Studio,105ec496-aa89-4ff7-9194-a76363c35a79
Platinum Vision,c3104277-f1b7-4dc1-bd38-8208be6bbc1c
A.C.G.T.,6322d28a-1bc1-404d-bacd-b5b1999f7f28
B.CMAY PICTURES,024c404d-f4df-47d5-91d9-03472a11f36f
Bridge,9d5c70d5-62ac-49c4-8048-d816afd6b159
Studio Rikka,788c7042-8648-4549-9b17-878ecbcce44c
Purple Cow Studio Japan,faf3b72f-b200-47a4-8a8b-7e6096009feb
Daume,53ae1caf-ac5b-4f63-a09a-c9f2acea7d15
TROYCA,eeec85a0-1c8f-4354-8dfa-0af83306987b
Bee Train,1a3beab0-c71a-4ce7-9706-a48a4ce7bdd8
NAZ,14c369f4-fce8-4c1d-a565-9346f445d18c
Xebec,f7316e1f-9d2a-49a7-8755-4cf5aead24c7
Telecom Animation Film,253dcf96-8333-4287-a7d4-e3a28cf86800
domerica,2583e743-ed62-4fb9-bad8-dbc8ca47511b
Radix,c5ce98c8-3c01-48e1-b7d4-10f26f49e556
C2C,34ce60ea-35bb-44a2-8b0a-0ee04084c9e3
SynergySP,089410ef-26fe-46cd-817b-62fb16d6ea65
Production IMS,213b25dd-0e8f-41fe-9ad9-d904831ab83a
AtelierPontdarc,95f1273c-8b76-4eed-879b-5ff9217f50cd
Lapin Track,4321e807-7722-46bf-912c-947e0b228942
Drive,8c868091-fc78-423d-be03-301c9f56a78f
Okuruto Noboru,ab62de07-2d77-4d09-941d-a891e506e9b8
Project No.9,745cd322-26c2-4b6d-ac50-2f042e012da1
Studio Gokumi,298356fd-3c69-431f-94fd-c44243d7e950
Animation Do,0cd28245-f28b-4cb7-af15-c44407497c2e
HORNETS,e169cfa1-d274-4135-8e14-05ba6b25e50e
Square Enix Visual Works,fccd86f8-77d9-46a3-a414-d840d24d3013
Haoliners Animation League,64fb200a-b154-42be-91a0-05a7439053ef
Arms,e7d95a4d-0522-4ce5-b839-ca4457648d57
SANZIGEN,9a1b9680-2f1d-4d5b-9214-d2b1ae5703ea
AIC,932d0021-0ab3-49d6-9642-1380cb5296da
TNK,f31fff90-7f46-452c-9d63-ba59b29520ea
Actas,02e85b2d-69ec-4c35-90e6-3c5a097361b6
Trans Arts,ae4f4cc6-8b65-4811-addb-dfb19a33e611
GoHands,e93e453c-5834-4f5c-add3-2a1338efe5b7
Studio Hibari,c934d1b9-7aeb-4fdc-a6b8-42497fd5d8ef
Signal.MD,4edd2a58-ca01-49e9-b2db-a76949480d24
Colored Pencil Animation,e5ff6efb-75c2-4ceb-9209-463d467681d7
BUG FILMS,39c30570-a8f7-46ad-af8a-307ade6e6bf0
Polygon Pictures,1b79b718-f73c-4f34-acf0-9c861601c5d7
asread.,d74d8a55-9f2e-4863-ba12-c1ff8ed0f321
TYO Animations,af3443df-27b5-4404-90b5-d7b59b87735e
Studio Signpost,02cd7796-2de1-4a1a-9f72-a82fbc2ddf79
Ascension,67cfcf72-eb9f-49da-a514-99535438106f
Gaina,b6cad986-0ce2-4fba-b3bd-021175643208
studio MOTHER,dd835384-0f5c-4588-be59-6ac509491d55
Fanworks,5084a609-865a-4a29-96e7-1ecc2029b694
Oh! Production,195f416c-d2b6-4229-a41e-9fb0455c6641
AIC Spirits,46f90174-df54-43f2-ba01-10f6d7384f36
BeSTACK,95d0f94b-f3e8-4c05-b10e-3e5d62613c98
Hoods Entertainment,2d8dfd51-ae36-444c-9c8b-76b1306cf506
Geek Toys,f2fb2ea3-f5ec-49f3-9116-66f87e4b4380
Diomedéa,82c7e58a-2a88-453c-bf65-339c770942a8
Sharefun Studio,09e903ab-90d0-4d42-918b-b856289ee9ca
Zexcs,f56ff8b8-16aa-46b4-92bf-b5b1a68ad915
Studio Blanc.,d2afd7c0-743b-40be-9117-f0dc4c0e3785
Passione,9d791504-cfea-4e8e-931b-5fa2e499a279
Millepensee,b8ae0fd4-2b15-4b36-b551-faf41c408c5e
Studio 3Hz,a0449fa6-21d0-4772-875f-51253974d0d1
Nomad,c36a8a81-0250-489a-9438-bf7d50ac0f17
AIC ASTA,1b95befc-1fa0-4a51-9827-0a84c93823c4
Shirogumi,c1d8f96f-c86b-4e2e-be8b-08df8e99d583
E&G Films,d840a083-27a6-439f-b3b8-fa0cfcc8a61e
AHA Entertainment,4e36f0eb-e0df-49ac-99e7-40e56bd7ee4c
Studio PuYUKAI,e73b1f77-d5c3-4432-b7ca-3c8a45765a7e
Palm Studio,882eff86-682d-4191-a7fe-be16261e2660
Studio Palette,2d934fa1-fd3b-41f1-8ac9-857ac4557a18
Larx Entertainment,7381badb-d9f3-43d0-a99c-58e2e5da89fa
LIDENFILMS Kyoto Studio,cdf4ad2b-528b-4677-b536-2a125a063357
Studio Colorido,10c03eb2-45dc-43a4-aa79-21203a801584
CygamesPictures,592e886b-bbce-465c-b1b4-6be141dda706
AIC Build,b7753632-ef7f-4167-8a53-6a984c165dce
Connect,56549d05-bf51-4609-ab7b-8f67591d2be6
Group TAC,1b466131-1043-4dff-bd22-5195cb8c522e
PINE JAM,2dcbbb55-5121-4675-96fd-91dcb73deb26
Mushi Production,1a927db1-630b-49a5-9cf6-5b05bcbdafaf
Sublimation,de6430ca-6001-49ee-b4ae-e289a04e9fba
Silver,9ab0fdf5-b6fd-41f8-9215-fcd4db1d6546
Arvo Animation,6a69498c-d7ea-4b11-946e-5756335f5626
Yokohama Animation Lab,b518623b-27bb-4640-a890-47907fd7a79b
Flat Studio,a6123417-891b-4e2b-82ea-668c9f1b9ef7
AIC Classic,181233b4-8060-4485-8a92-7c8819a2a789
Studio Kafka,67e8e4b9-e456-4ad8-96c6-cf9868403717
ENGI,f3e610be-80bc-428d-9edf-06106d24fa70
Ezόla,74398eb8-5c36-4108-96f7-c6d2603ad859
Seven,81ff2d99-3ac3-4c24-a187-bb03b3425fd9
M.S.C,6cdde1af-c97a-4310-a405-1c50c3fa5695
Felix Film,c2e78bdf-43e5-4a4b-a752-a14b36a6c064
Hololive Production,9e4bb4aa-f144-4626-8f6d-d556cf1f79e2
Yumeta Company,e4fa340a-c6bb-4ab2-aebf-01b40e803154
AIC PLUS+,23549bfc-c7a9-49f2-b918-c20418cfb2c5
Studio Kai,3682e249-c9ec-474d-a879-7a44e2ea90e4
Encourage Films,cc003ba1-c087-4c4e-b51f-4bdaffb2cc26
CLAP,f79b9b73-8aa0-47e0-b891-34d1225e23c3
Studio Mir,3e302b9d-d8a8-44d2-90d1-e2179f8492c6
Collaboration Works,920f7e43-15c7-4ee5-91f0-26a825d011fb
Digital Frontier,dfe18da7-dbd9-471a-bf21-d5f4d794e790
Kamikaze Douga,f9682302-b6f8-45a5-8c55-4b8d2cd864df
Imagineer,9e0380c0-86c6-4fbd-85ab-9e5106d8870e
Typhoon Graphics,411c4bcc-1075-46f5-ba06-0d6399e43656
Seven Arcs Pictures,65d90954-a8cb-4eb2-ab78-e571c83f60ef
Tokyo Kids,4c37d05c-4d42-4e04-8221-cc5d3d52825f
Minami Machi Bugyousho,a5b533be-e611-498d-8c1f-e2c8229e3859
Production Reed,f50be29d-7c1b-4e0f-b3fb-8c0fc40e6553
Yaoyorozu,89ce08b8-ce8d-4b76-ac80-9a53258eed77
Liber,7079af4d-75af-4c64-b043-72be1db9e8ff
Pb Animation Co. Ltd.,dfad5455-1339-48ec-b020-33e215caea90
Picture Magic,5cb6e8da-d2a3-4a28-8181-4b514f321035
Telescreen,b5676045-ec18-48af-bb8c-84afc03af404
Nice Boat Animation,78e41ea8-3e8b-4ead-a797-c4fc37f4c3be
Samsara Animation Studio,aa0eb771-f815-43cc-9ef3-95baeeff9be4
Marone,44ad2996-fba4-4078-8331-3e608afa4ed9
Marza Animation Planet,f8bb5c3d-2126-4444-857c-8ac316579488
production doA,f1e92895-c69d-4dd6-8ea4-243ebb5d7efb
Peak Hunt,b5ee5ee7-7ad3-4956-a32c-fc779868d1a6
Qualia Animation,be41f59a-d80c-4df4-be8d-f62924cea1fb
Tsuchida Productions,d7ca60f2-8004-41bb-b19c-f2d625720ded
Barnum Studio,91a165b0-bb3f-4b4b-aa69-05456ddb1624
Ordet,75a095cc-e3b2-4855-bbd8-295dc63c3250
EMT Squared,2a585dcc-bbbb-4a33-9431-77a2fedff8bb
Fuji TV,4dabeb5f-592e-4b76-9e8c-993c48c2fb01
Studio Eromatick,b15f90d5-3988-4b5c-87ab-a0b3c6956eb7
Studio Hokiboshi,ef48f0e2-47b7-414d-b82f-2608cde00381
T-Rex,23370945-73b5-4161-9195-513e7f51bd31
Maho Film,f8415c88-47aa-43ef-b102-21ab4b4fdcc8
DLE,e5db4fb0-59c5-4dc4-9002-259ab78a077f
OZ,78b17104-3df9-4d32-91be-97464b0d5e1a
Square Pictures,6da7fe29-9cea-43ad-b0af-2d7479fc7bba
Studio Ponoc,b0659186-0aed-414b-b6b9-a970ea44f4a8
Sparkly Key Animation Studio,6cb4a304-3ae7-4415-82d1-b22176475904
team Yamahitsuji,f541efc2-1222-4402-b0d0-98277cfbb5fb
Studio Fantasia,3f75477e-13f4-4f72-a8c0-124bf8021f39
OLM Team Yoshioka,68d61207-2437-4094-8e1f-27ffca7b2190
Big Firebird Culture,d1dc3e64-dabb-44a2-baac-f38057ef6688
Foch Films,c2bdbcf1-b9ac-42b9-a469-2b74b4efa8ab
DMM.futureworks,9043ffde-4929-40cc-9c82-a2bbff6bf105
HMCH,b988d2a6-4286-4268-9c3e-443678e652e9
Bakken Record,d0553836-c17b-4714-8cff-deb5ffe18749
Fenz,b4888435-ffe4-4879-b2a1-b06976ab0302
B&T,0255c514-554d-4469-84ea-e063955c0964
Life Work,1b2d6d95-989d-4a76-9ed7-457ac2704d02
DandeLion Animation Studio,910c1b1a-6cc2-4483-8053-909c2744ddc5
Revoroot,31df61e5-b68e-4e96-8bce-cce8749a51d6
Djinn Power,33fc21a3-acc0-47e4-8e5a-68e6cf443cf9
Space Neko Company,61ba9cb7-24dc-40bd-a6c0-cb61bc239192
Studio Flad,81e59dae-c471-4175-a625-3c8fcd3c145b
Wolfsbane,23293b6d-c136-439e-b797-6fc69ad91785
FILMONY,9b43759c-fbdd-4721-9e8c-e364bba455f3
Karaku,6de8a85b-ef93-4886-81d6-a777092f2339
Studio Live,f32bbffa-fc1c-43a3-a0bd-88687003448f
Phoenix Entertainment,ebeacab0-b6dd-4244-8975-a9364cad36de
Creators in Pack,0f484453-3134-4152-b2ca-1dcfc46bea56
Nippon Ramayana Film Co.,ec92abe2-acfb-46ed-9024-12f93bfbdd9e
The Answer Studio,c65bf5e0-d457-44bb-87b5-272adf1f77a3
Studio Moriken,ab675ccf-8afd-41fd-ada3-94b06fbdcfa6
dwarf,1e138e33-3b3b-48d0-ba26-9f86550e6765
Majin,4be57772-f2f6-4638-b8db-4de4e6cc4f7e
GRIZZLY,eba0bf42-1234-4eb2-9ff9-5ffe6b8e6ca6
Studio 1st,d44452ce-1f7f-4cd0-b3d9-81bc8eb65064
Studio Animal,67ef3d55-7afe-45f2-a162-020dd4e237ac
Asahi Production,5ecd933e-667a-46d2-b351-05f2557c6a87
ChuChu,e178d307-a088-42d7-8e80-2effc3d67f08
AXsiZ,c82a5dae-f26c-4af3-9944-ea9524bedc20
Studio Junio,5491c48b-320b-49fe-9e27-19be4cf63274
Office Takeout,1b249326-b506-4a70-bd09-a8d8398ce743
Studio Pastoral,97a51524-bfb1-4d46-b498-9c443063bb0d
ixtl,ecfb4d9f-8f33-430f-ba60-345875874dc2
Venet,870e4cb8-dc50-4295-8417-4ea9dd7c53a5
Studio Massket,98ddc508-14f2-4276-a20a-9b364131d3d2
Artmic,7b014f03-db64-4bcf-a6d2-71d7f4e98e5d
Children's Playground Entertainment,d60209b1-dcb8-4bdc-abf3-a183d2f0a80f
New Generation,6e70d1f5-0845-4ab4-9fe1-8f773ad99443
Studio M2,2b8ffe8c-da31-4fc7-a23f-a9d2ed91bdd0
Yostar Pictures,40093b3d-a884-4f1a-9a4d-fbdc7a8cf1a9
Tryforce,1347ec7b-cf68-4e15-967e-bf79dc7c3ac0
PoRO,52941d2c-70fb-49a4-a59d-848515096690
Ashi Productions,95dbe5d8-3356-4cee-8754-dd077c08437e
ILCA,e79d767e-f593-43d0-a2d2-c0baf0313df7
Sola Digital Arts,4c7a05b9-e81d-4beb-90eb-1bdcd51b39aa
Steve N' Steven,7e35b125-ce75-4232-81aa-f64d2d91a17c
Staple Entertainment,bb7c37a9-58ad-4461-acd2-b66f96289f76
L²Studio,09bc1d22-d087-4732-9cc8-ad626fe307d4
Bee Media,040d6be9-6653-4c91-9653-da9a0035b1a9
Code,2a8d1110-9a9b-4299-99b5-562a4a92a63d
Issen,168caeb1-1787-4146-bc49-9f685c15caa8
I.Gzwei,8a139a37-ff35-4d8f-8f7b-2f8e9e1dbf1f
Visual 80,d9cd6388-ba5e-46ec-9536-5d4a4f6c2b42
Japan Vistec,c075b87c-5b86-48bd-a2f7-a80cabf6b512
Anpro,885d0553-140e-40ad-84c2-cc47245c6ad5
Lesprit,e75c3555-db06-47a3-9e4c-2d6379ee3945
Rockwell Eyes,7bc77bdd-1613-4b3d-b8ac-644b0ab77585
Cafe de Jeilhouse,6f3673e8-f068-484e-9964-fcc868a57e85
October Media,98af131f-5db4-4c88-8e55-2f533ad1f4f5
Dongwoo A&E,5bb87d3c-0ee6-426e-994c-3cdedfe0057b
Tear Studio,a645b064-d332-437a-a932-ce0c352476d8
XEBEC M2,dc03d829-8d35-4a3d-abf3-465b572c1896
GANSIS,38cc24f2-5c48-49a5-a96d-b9067ffc340a
PrimeTime,9ab1f90f-05b9-4d87-9a8f-35709135ec82
Shinkuukan,95ea2091-f0e0-4fce-aa0f-da2d5c312e73
Lilix,0bf654f2-f234-4972-836e-9c522548c788
Vega Entertainment,43d11781-5e31-4c47-9938-92357e15e683
Namu Animation,869485a6-28ba-41b8-98a4-74ad9d8f326c
Colored Pencil Animation Japan,176b33e9-b824-4395-865b-3ea1f6185901
Sunrise Beyond,8585a68b-bc2b-4d88-be85-f2adec40de4a
Grouper Productions,1050a608-cab8-4fb8-add1-1dcd97e8bd95
WAO World,1cdfff1e-d148-4b88-aa28-5aa18ba517da
Motion Magic,3060c297-d725-446a-9484-7d79d51ba8a5
Studio 9 Maiami,c878ab84-e8fa-434e-bd76-003148dbccf7
Wawayu Animation,73359a5c-6cef-47d7-a670-a354e378eb98
LICO,8509229f-0b75-4cc7-89da-4cbd0fc30ff4
Red Dog Culture House,a93be12d-0656-4b75-b5b9-ca22aab6ecf1
Office No. 8,df5df182-d8ff-4d8d-8669-8ebe531d7888
Jumondo,f18d494a-09a8-4789-ab62-f0b900d715cc
CANDY BOX,ef295f61-d326-45c6-9469-1cf630af0aa9
Flavors Soft,7ad7cfb5-6d60-4606-93e1-a320bdf36b08
Maboroshi Koubou,1bfc58eb-2d1d-4f95-8d60-8a38ef5bc4f8
Garden Culture,0e597757-adf8-47dd-b99c-1e1bf22ada37
CyberConnect2,6838d007-8e36-4917-ae7b-319995df22eb
Studio Daisy,836be98b-60ac-4131-9f51-ea9092dd2c70
Rabbit Gate,e33a1410-a03c-4ae2-8888-dd2ef5e0a485
DR Movie,02e53caa-75df-4659-80f6-3ab1877935ca
Ruo Hong Culture,b02b0eee-4d47-45ef-b7b5-a0964021c755
Chaos Project,0b44821d-31ef-4f40-9f8c-4b8f315e93d7
monofilmo,b5e70ce1-686e-45eb-b6d3-d2163b61e043
Magic Bus,0ccae16c-b13f-463e-a810-ee9efa41366f
Twin Engine,26fd1767-faef-42d7-ac49-19cd0192c26a
Frontier One,4dcc66e9-747c-4e73-aab1-08126514971b
G&G Entertainment,034dd16e-ab05-44df-8f2c-aaf9172971f7
Team TillDawn,3229de11-28a7-4d28-a4c3-08a7a2d63683
Enishiya,3128405f-b412-4664-914c-224872c638dc
Gathering,b6404395-fdcd-4993-860a-3e32c511bda9
Big Wing,2f6e3d9d-d1ef-4c68-838e-d46ba51bff61
Oz Inc.,9ef79bce-b944-497d-aa61-92970f95cd77
EKACHI EPILKA,103f9d5d-6bfb-4ce1-a43a-321f75ae05ef
Anima,6d5d5578-a440-43f6-9dda-4e563335b67d
Ginga Ya,9d613f9a-c829-4dce-8687-6e4c01492aea
Think Corporation,d5b55c09-827b-4984-a758-bbaaa8c6af2e
Plum,24da1c25-77ef-4d0b-8113-9dc83b099406
10Gauge,be766c29-4a09-48c2-b8fb-78c32830a2cb
Studio DURIAN,ba0f5d58-79c0-4ad9-a4ec-4b57132fc564
Thundray,2a6972b7-1e15-441f-b246-9cfb8c6a6a7a
Ankama Animations,c07ac55a-a202-4b43-b5ef-b6a5e5135f12
GEMBA,56486749-e250-4084-9d30-dd46b0e4a1d5
KeyEast,26bb52a1-1ed2-433b-bcf1-af8bd41d3b95
REALTHING,5d035f48-6278-4010-8ffd-bffb0cb1cce4
Studio Sign,dd541b34-92c8-461d-b4de-58f220574e37
Light Chaser Animation Studios,dbd5a8b7-9287-446d-b612-0bd1cfd5003e
Shogakukan Music & Digital Entertainment,3fc17e8a-73ce-484b-92b2-c2b29ecd7aa5
W-Toon Studio,62098a63-c70b-44f4-bad8-bc33a106991e
Himajin Planning,097e2b7a-499f-4352-b08d-d71983804def
Suzuki Mirano,ecd8b1ee-0aa3-4be7-ae40-b244b340fc52
Ryuu M's,f621c40a-2403-49ca-9fb7-1f1c2e5403b0
Sunwoo Entertainment,011c51ad-5603-4106-b6a8-150af8d8c42d
Tonari Animation,5a8dbc43-ec4c-4ecd-aad2-2f65a51a8438
BreakBottle,b7fc63d7-ed86-4c97-be14-74eb05a2d8c6
Office Take Off,6e4a1e61-1af2-4251-93ce-0456a79870a2
Remic,2cf2d256-f3be-48c0-a54a-746b6de012f2
Trinet Entertainment,7deea4ca-2682-46b7-956d-3ea57c980edd
JCF,28474681-fed8-4793-b369-de19586ab49e
G-Lam,97eb6b8c-8115-4054-bec4-6589f38c8a19
Planet Cartoon,aa0ef97f-a98c-4053-8bf1-96a71fcf5cc9
Fever Creations,fa0a9d93-878c-4278-afb2-4eb36202a66b
Production +h.,2da24a37-9bef-49dd-a287-bb397bdd55c3
Paper Plane Animation Studio,ec11a842-b03c-471e-816b-afac4f036ad5
Oxybot,2e5bfd9d-7195-4721-bbe6-368dd6c76b0d
KSS,b7b4f2cb-500f-4004-b266-867721fcb7b2
Team YokkyuFuman,02d07f5f-189e-4484-bd37-bc67279af6ad
Shenman Entertainment,cbe86303-beac-4a9c-8d07-4d224b4e787b
PRA,ce1da222-a087-42e5-90a5-62caf407184c
Studio Flag,967f1e70-995d-495b-92b6-b386262ead4f
Rabbit Machine,9082f959-9d01-4504-8446-5d291904c008
Chongzhuo Animation,55913fa6-b525-42cf-915f-79b5ed0321eb
Studio GOONEYS,0eb5b861-4961-4fac-8eea-c612d11a940f
Pancake,fb580d57-7567-42db-a3ec-ca94bf910e97
Mimoid,bbe31065-c665-4017-913c-83874e8e214c
Quad,d95b5e2a-6f50-47b1-92de-be3d37a99be7
Blade,7a097cc2-53e0-44a8-8628-77d307ac7b8c
Seven Stone Entertainment,4bb02237-8103-4750-b489-ba62df98daa4
Animation 21,49a8d7ef-3bfb-4005-91cc-1eeeb014edb1
Studio Jam,e22d451b-be13-4e5f-85ed-45eeeb0fa993
I was a Ballerina,71a56640-22e7-4b62-894a-c4a26d829e42
Eiken,13039333-fd64-4f93-a48c-6fb36d3b7598
animate Film,9186d31b-135d-497d-a673-38dd41724804
Studio G-1Neo,a1b87fe8-47f4-438a-a052-face5deb2de6
TriF Studio,b67b1f83-827f-48e6-8d40-0ad2a4ea8d3c
Studio Bogey,ea69db0f-dc0b-4cd4-afff-77250bc919c0
Knack Productions,c1727b1b-3fec-4033-8192-93d26ada6e4e
Office DCI,4e1904e9-54a6-4a45-8545-c9d3e435ba3b
Studio Lings,4e23938b-04aa-4209-b2c3-c891e16a59a8
OLM Digital,5b86042a-f9b3-4174-8985-0578f7d04030
Yamato Works,8c41db34-bd4b-4f1c-8c89-7e5af853dedb
Gosay Studio,dab0b88d-e384-4555-b3ed-6ec10fdc6bf5
Circle Tribute,7b189c6a-f01a-4c96-8157-a5b02ba431b7
KJJ Animation,6ec1f3eb-d335-456b-abf8-434138ee1f55
Space-X,2b0163e5-cf83-4f6d-a9d1-d4c242d1dc37
OTOIRO,27be4a82-e0cf-4602-ab81-bc88efe35727
Robot Communications,7be86dda-73e2-4bfa-8adf-af206129a279
Agent 21,06f23042-fa82-46d3-ac5f-2003663ac9ab
Anime Antenna Iinkai,fb26c171-91cf-43e0-8dab-4a3c77cba981
Azeta Pictures,cffd02f4-f243-46d4-83ab-3978302ee232
Amarcord,4da484ce-8246-4a05-bf43-07c117e3bda2
Original Force,a91932f0-a41d-4577-b2a5-4444e6b1a694
Wonder Cat Animation,b360060d-3170-4951-807e-0f1f85cdb1fc
Aubec,0bc4185d-a186-44c5-b000-567456b0655e
Cloud Hearts,c7b0c209-9df7-4ff7-af0d-86022d771982
Ishibashi Planning,66adc692-4f21-4c45-bd53-08f69bc4b54e
Studio Prokion,bb93c78a-7cc2-469d-9fd9-3701ee77f362
Filmlink International,c8d67509-1455-4809-8d74-837910a21aed
MoMo Production,8cb6c368-39a2-4b84-9ad5-bec380cfb97e
Tama Production,4b320c84-4435-44b7-892d-40dc8dbb9fd1
A-Real,fd602656-696a-4c78-b7a5-7a370f86ba01
Emon,df0fde0f-7ce8-4600-aba2-bdd9b90a0045
Picograph,83b3d5c8-2520-4231-add8-bba787f49b14
Studio OX,661d8735-714f-41fa-ba40-31e9365321c1
Kantou Douga Kai,0c3e479d-5fa2-470f-9335-aac65b94c30e
Ark,98ca9222-1f9e-44db-8ac5-649929b6c23d
East Fish Studio,8b2d10dd-fb26-4cbd-b20d-d0c23e026956
Studio Soul,0ef12007-c4fc-4f0d-918f-e165552e8ad7
Lingsanwu Animation,80491005-5235-4889-81a5-25dfb4ba7b8c
Planet,b826eb09-6e1d-4170-9be8-c6e98122a422
DC Impression Vision,7f452421-57a6-4266-a180-914f60e744fb
Gekkou,ddccb7d8-483f-4dbb-9bc5-70e6cb61bd75
Minakata Laboratory,951af898-194a-411e-88f7-426e51d43d9b
Imagica,81fdf0db-58ca-4d25-9dcc-37561e393c5f
"Yamamura Animation, Inc.",77c73952-4ff8-4bd4-934b-20dce4d143f6
Production GoodBook,742d6df4-48b9-4669-a9dc-66a1bdbb197b
Kanaban Graphics,b82859ef-9cc9-4451-83cd-02f94ad6e996
Mili Pictures,7ce1f40a-7b1a-4709-8a48-a850c0827cd7
Twilight Town,c6cfca9a-4d92-447c-92b4-db2a917825db
Studio A-CAT,a57753e7-c44b-4c72-ab8d-8b03a1ce101f
Hotline,7e4ed1b2-e750-4929-b694-49aec9b0b1d1
Mook DLE,f66261cb-05f6-4391-90af-6f661ec84524
Odolttogi,8df52286-2478-4d8f-9cae-9dd4bb31455c
Kino Production,18d5d1fb-2275-4a89-bffa-6dcd8e23983a
View Works,c455e618-7251-483d-b2f6-3364ff27db35
Beijing Enlight Pictures,d8ed779d-5ab5-4560-8f93-958d352ad0a8
Public & Basic,10a127a0-a52d-4988-8269-f16f17fe480f
Japan Taps,3493c04f-ebcd-47e1-b2ed-4b9ceb551e2a
CG Year,c06566ce-1012-4e50-b19b-483c49eeed79
Studio CA,eac7dcc3-7396-4133-9b8f-fa6dd37b8238
Gakken,7f149192-0b85-420a-89b2-f08468e939e8
ASK Animation Studio,70bd1728-2c68-44ba-a6ca-bec340639b0b
Queen Bee,d9e8430f-09dc-4e66-8d83-c62f7da1f2ee
Kaname Productions,81027fd3-24f3-4616-98db-58285a416f77
Anime Beans,7b61d038-f1db-44c1-9ee4-7e8b8f5fedb6
Image House,f423648f-6c92-49ea-95cb-d574b7b7d16e
AIC Takarazuka,bc84f93f-dc3e-4dbb-8e06-6a1e16d942d9
TrioPen Studio,21c3dba1-3c5a-49f2-892f-7476a761bd5d
PONOS Corporation,535828aa-f3d3-4541-ad3e-4b96e7fa01de
Kazami Gakuen Koushiki Douga-bu,7d24ad7c-a8ee-4d4e-b51f-9bec69e180d7
UchuPeople,d54d7d7d-3e47-4359-a6a4-1bc27ed933df
Jinnis Animation Studios,e8a57ec8-df18-4a3e-9b7b-d475b621e9f6
Blue bread,9a918d5f-f75a-47ed-bda9-ac97c11f6cac
helo.inc,19fc09d9-4bb3-4009-b4ad-0acaadad92b1
HOTZIPANG,55581303-d82e-4306-94a7-bee1b746798b
Studio Ranmaru,aa54a59f-ae8e-4fe6-af4d-2aa2c7a7d4c7
Studio Matrix,4a613e99-613a-4cc2-a898-21b6ce24d630
Shengying Animation,d4461c06-1a1e-4a02-9891-a4adbef04c83
Tomason,88cdf035-a4f6-4f4e-ad5f-acb3da7c9c1b
Twilight Studio,ff22aa58-5be9-41cd-acf1-fe2997867d0a
Executive Decision,09ed82a1-7c0d-4835-8b04-c0ae1263ea7b
Studio Boogie Nights,e1c0d013-39ea-4880-bdcd-d20f28f34478
Mouse,4befc57c-984d-4727-8609-019210126fcc
Beat Frog,3ccd4b48-cf03-4ea5-826c-1ab7c294a76f
YHKT Entertainment,75e5cafb-b4af-48f7-bf20-f40c1831ecf1
Kokusai Eigasha,56d8e557-086a-4b9d-acc5-71dc40f64314
Jumonji,4b6e2dec-a835-4273-9756-ae753481a7e7
Y.O.U.C,00470efa-c7ab-4ad5-a533-8bc1cfb8d5a4
HuaMei Animation,b7f65ad9-218a-4407-ac45-4f87e16b0510
Acca effe,c9537b59-680e-4718-9114-ca12ce1fb2ff
Giga Production,4eba5e9d-2147-45b4-8bc6-97ec84306006
GARDEN LODGE,a1c778c4-c7b6-415e-94dc-18a7c1d1b84f
Daewon Media,ad6e2916-0986-4e7d-9cf4-81d15051c949
Nihikime no Dozeu,930230c7-8cc4-4aa8-9987-a1136e6d0312
Academy Productions,87756f4c-fb3f-44b1-aff4-5e63260dbba4
Tomovies,af7732c8-f411-458e-875e-814989485c3c
d00r works,4e354b67-0039-4ce3-a579-fd8b603f9787
Shindeban Film,1874ed69-9afa-4c17-b477-c1030480d34d
Studio Kyuuma,ccfd969a-8466-43c0-bf5a-0fa51ecc544f
Front Line,f147470b-cf1c-42dd-ba40-e5166dd2b596
DAX Production,4a38aeff-e097-4e60-abec-562b2e1bf633
Annapuru,68b5d28d-1cad-4399-a86b-398d61cadcaf
Melissa,88eba85e-a2ed-48cd-a0fc-3fbacfc61314
ORADA COMPANY,0af3fafa-e579-4775-9bd3-32998c535ec6
Animation Staff Room,762f7d91-749b-445d-87e5-38397c4599d5
teamKG,9fa0df8f-a442-4ed4-94fc-66d69a868350
Guton Animation Studio,f15c1ee0-39e5-4f8b-b9aa-0373ef739bc9
Scooter Films,4cc843c3-4bce-4276-8a87-72e10066fc42
Studio Gadget,f35da2b1-f8fa-47ff-8166-a1fd77075f11
2:10 AM Animation,94c25158-ce2a-4cfa-ac0e-834227123f08
Darts,60001b6e-d870-40eb-a32b-d81b894eef0c
PERIMETRON,571f4b9e-46ed-4a74-8c8b-4ff09c2b8559
Heewon Entertainment,d11ff31d-d38b-4d15-8163-d7da5d252a4c
NHK Enterprises,fcfcf991-fe02-40f0-80cf-bde77aafd0d0
Arcs Create,39107627-b204-47b7-b66c-900d33060a10
Studio Gram,1bc8265a-62cd-46c9-8add-b6740cc674d1
Dream Entertainment,943f1914-1459-48ad-9a16-13ad6796bb6f
Tamura Shigeru Studio,154320d6-4565-4da4-a28b-8114bfbdd758
Saetta,e04d1cc2-b0fe-419c-8a5a-6be02f54e229
Shelty,6faa7c04-2ee4-479f-a9ef-8b7710178bad
Qubic Pictures,a6fe2413-8a83-451b-bf3e-4d29f30585fc
CGCG Studio,f0eddaa0-8cbc-4966-8855-f9602c88af75
Calf Studio,10f5ed88-fcd4-4ebd-bba5-2b68fa74265a
Assez Finaud Fabric,0bc67c34-2c91-45a2-8c03-fa3e279651b2
FLAGSHIP LINE,4d4c7108-e6c2-4fd4-9724-927c1a789b7d
Zero-G Room,5c997efc-3752-4a73-9618-af5c778594f2
Qiyuan Yinghua,e086ab06-e220-480c-b787-5a575f9f2e7c
Soyep,953fe81b-9568-484c-9f5a-c29a4bb6a4b2
Irawias,483094de-ce9b-4af8-8167-f58bc7f1bd31
GIFTanimation,1e2f0604-2fef-4035-b49b-913fce90eca2
Studio Jemi,bda838f7-95e1-4986-8a84-4dafcfff181e
Craftar Studios,8594df9f-4ee2-450a-a1e0-984823ee1e62
Kent House,5245e1d2-d54f-4da2-bb90-3224d20d4a91
LandQ studios,b99f77e8-c08f-45a4-b668-334aff027bfa
AT-2,66460882-2d16-45a0-836b-3050cf624001
Idol,58c77b96-01b5-4bfa-a5b2-bfe9a2cb4b78
Nur,a63362e7-5613-4d6b-9147-d5c70ee7b817
Shion,3029de3f-cfdb-452c-be95-86b7b6c7dae3
Cloud Art,8525f9e0-ee49-41e6-a075-6266cb5f45cf
Sprite Animation Studios,d6f0eb5f-12a0-4fe6-a61a-cc47724462e8
Studio Kikan,023f8b0a-cc8a-4646-a895-727d6fc545b1
LEVELS,03e1a767-1e86-4f09-b98a-4bbd174dfdfe
Mook Animation,07d43f7c-0dcd-4218-a2c8-c0d421a8386e
Painting Dream,57d93a06-b582-4618-9a6d-cff6dc139d3b
LMD,5ef0b421-1663-4280-9966-2ba4b57f42b0
Studio Z5,e7b087e7-9cf3-4fa7-80c5-ae01140e7d1f
Studio March,cfd4e1f3-187a-4f68-a43d-9f4dce0bda29
Quebico,968ffd2c-e1b4-40b8-80f7-2e6ed80b65ba
Primastea,9bbc1632-33dd-4cfb-b2ca-62130632067c
Anima&Co.,eac475d0-b721-463f-b042-14040d879c8d
Nihon Ad Systems,d4e8be9f-f6fa-4b91-8748-f36b2ac41abd
Sanrio,ab5a5a27-3043-491d-b71a-05a3624be3c8
Sunflowers,b64063b4-c80a-4b41-96cf-b29a7848422f
Rikuentai,f3f471d4-4ec8-4f65-9b86-b7682708f4d7
Studio Gazelle,de34090b-f8f3-4cdd-90f1-ec2edad07b23
Oriental Creative Color,206f3ddf-3ce3-4c91-a8f4-be33f47f4841
Studio Ten,57a729b2-2041-4792-a1f3-0934d322dcaf
Tokyo Movie,898905da-cebf-4e5b-8c56-c16c8fc0ca38
Rising Force,b1d2e8be-eafc-4a94-8036-7465122fe3ea
Maxilla,9125672e-a28a-4689-a038-7de7c5fb174d
Ishimori Entertainment,c7a27418-e396-43e3-96e2-3ced81195554
Dynamo Pictures,b19181b8-512c-4da5-b10b-041a4e757ba4
Comma Studio,f3606f35-5cdf-41c4-8128-99a7b90021b8
Pink Cat,bf8aa9bd-3133-48a4-82ff-79c5973006df
Horannabi,29bf9499-5f0d-4c5c-8def-3ee9ff457aef
NHK,902fa592-9e16-4be8-a693-deb2ef2039af
Kung Fu Frog Animation,c8224762-5475-46d5-8263-0a12e16e4256
UWAN Pictures,f6f461c0-98d7-4539-bf3b-d3cab0c5aa85
Rocen,0ad57833-6826-489b-998c-6330897bf125
Joicy Studio,6641fe41-2163-47f9-a4da-9b795704a789
Studio Elle,0c170d1e-c1a5-4eba-b28f-5e9d3dac0212
SIDO LIMITED,dee4cf96-c136-4812-bd5a-fbdac1828fec
Alfred Imageworks,d52fbb3b-7a09-45c4-ac38-64a6fcc66c56
Urban Product,e90113b6-424f-44ce-9a01-44ea840e1bcc
Albacrow,41934e65-6135-4976-8a44-6c75a64c49e3
l-a-unch・BOX,f5968fd1-a271-4438-9bd3-a2f34e94e7b2
Wulifang Digital,d3218fe4-5252-48d5-9f85-de63412dd1ca
Milky Cartoon,2490334d-626c-4f8a-a0ce-401949fddeeb
High Energy Studio,12cdbfbf-8eb0-4b7f-8fb4-2d9a52957623
iDRAGONS Creative Studio,c4ce1c02-5699-4d22-b2b9-2c5f49e37752
Qzil.la,556f651c-5f42-4768-bbf0-61001acfe8c9
Teatro Nishi Tokyo Studio,409bcec4-9460-473a-ad01-9128dac89f84
Animation Planet,5ba217a9-d4fe-4704-9be3-7ba59235a6ad
DRAWIZ,7b0c6b21-10a0-47f8-ae46-23eac3517c5d
Panda Factory,f7e6c27b-30c0-44d9-8b0c-d1b856d84bc6
Schoolzone,e2af8d71-5f3d-4e07-a9ab-aa71d7cfdbd5
Zyc,c44257d8-5254-489a-b569-dffd54d4fc1f
Digital Network Animation,268bf80c-daaa-48dc-8967-f15b78edd74c
LX Animation Studio,9441f24c-681a-4358-b877-beb3082d6875
MMT Technology,c8aae4c9-cebf-48a6-b2c0-e2f66503b8e1
Yamiken,b8967bef-1ebc-45aa-867e-114b9e6c68cc
Hayabusa Film,114f4a11-5b58-4168-91dc-e861ec12d96b
Panmedia,e85812b6-e825-4095-8e0c-1088ee12d2e9
Fifth Avenue,05ac3753-19cb-4fdc-9b8a-fc9c7d0ee8c8
Heart & Soul Animation,0cade06a-7669-4ea7-bd22-134bbbaf736c
Image Kei,34cfec0a-73e1-4843-9361-1a8f6bdf96d7
Adonero,818ebd5e-c532-46eb-be75-30421f3cae0f
Flint Sugar,76c1aaa9-4f33-4217-a7ef-6798081222d4
5 Inc.,6e2b76bc-8734-47e8-85f1-fc3681247e80
TEC,3d66a038-3482-45c0-88ff-41ff2861ff35
Tele-Cartoon Japan,6db1856c-542b-4b96-b219-d1cf0f0e9653
Kachidoki Studio,9759aa57-35f9-471f-b80a-03de5f3892de
Animaruya,5087c96c-4cc1-4a29-93db-0e795774b8af
D.A.S.T.,16e90687-78d9-4121-98f6-a2d2123c7c19
Studio Zero,bc149d7f-20cf-4721-85e8-71d5fb0cf715
Studio Egg,e2c8734b-c3a0-4c69-8550-784e6a2e8b0c
THINKR,1d774ace-ff07-4338-83a2-0d2097b159f8
Gravity Well,84a8ab5a-e8b6-4da1-8453-3f8f4aeb06fb
Kazuki Production,2469e1ff-d8e7-405a-8215-9e3862303c1c
Success Corp.,30a6b6ee-64ff-4320-8a1f-c0288c8554ea
Bibury Animation CG,a9059139-7eb8-4713-a1b2-cc58e99de57d
MORIE Inc.,ee3b60ab-5f72-40ed-8052-48039ca02fe3
A-Line,e6fcf2a9-996d-49b8-842f-97f7b81d4653
BUILD DREAM,be82b489-bd0c-4c40-b32b-6fa00c54900c
Kami Kukan,d3d8c4e6-70d5-448e-9b2a-c0ca63caa707
Yuhodo,d02fdeb7-3967-4497-a017-2f5162c5c1f0
Toho Interactive Animation,9babd222-977b-4a0e-bf72-cd7316d04112
Anime R,570fda5c-642d-4a12-b7c2-71ccbd576236
Mousou Senka,9ef321be-6aa9-4fd2-bf74-86a43ff605b9
AQUA ARIS,7dd4a7ee-2df5-4307-93e4-a1c82ebacb70
IMAGICA Lab.,7ed5db8d-eed9-4436-9714-dce83f2252c8
Sparky Animation,3e14b570-989f-4734-a610-9f48e6d2b996
Nekonigashi Inc.,a0e16041-b84d-4977-84db-9236e25e1e4e
MB planning,6d9d725d-a14e-4d64-aae3-5b7837a35bae
ARECT,eba386f0-05a6-423e-a933-0eb67878482d
KIZAWA Studio,5bfea32b-db49-4181-b5a7-d48e2f07da2b
BYMENT,c4cebb46-fe0c-4c9c-b3da-620acb11e621
Meltdown,6b8c6a56-3816-4537-9ded-576cd8819387
Onion Studio,6ce68864-ef2d-4cab-82fa-47c63dc8129f
Charaction,e1adf64e-2007-41cd-81d9-228f865f8d13
Piko Studio,0c59a2fa-6bed-46e4-9825-eb57cd8915cb
Xuni Ying Ye,0d9da8c5-b257-43ad-be35-bdf2b96eec99
Sugar Boy,9070de2b-f317-4c0e-81e7-6575f64d3aa7
Blue Cat,cff5684e-a5e4-41c5-bb48-68a385768914
Passion Paint Animation,47059346-cdb8-409e-86f6-d4a11ea112cb
Akatsuki,dffbae7c-5732-4e41-a5b3-b159e42c58c0
Meruhensha,249a4b81-a7bd-479c-bfe8-b76719f4a1a6
Gainax Kyoto,6aa6c3c9-3a29-4ea4-a873-5af4071c2507
Dai-Ichi Douga,a962abb7-ff9e-4dd7-986b-d3b811c8a99e
Dongyang Animation,7efceb93-f567-414f-9691-85830b0aa378
Magia Doraglier,344955a3-83f2-43fa-b17d-901c70c895d4
Studio Ten Carat,7d4851d7-031f-4dba-879f-2cf02596c907
TUBA,0e7b94bd-3640-43e0-8425-be8a272bdeae
Tri-Slash,2ece4717-58b6-43fe-b46c-3457f9af6786
Datama Film,1629ce50-da83-4e56-a975-5f018ee19593
Triple X,1db706d3-296d-4be8-b3fc-7147de36d6b0
Concept Films,75194f70-ff3a-4a54-8ad8-8818c184a0c6
Hurray!,ecbd2580-eec4-4b8d-ae70-bb0740b0d8d4
Alpha Animation,118b2a0e-e5c1-4429-9caa-164c088ce77d
Qingxiang Culture,571745b6-2b00-42cc-b1d4-776869365c92
Pure Arts,104eb3a6-3f04-4b32-a896-e7b6609d2550
Bandai Visual,40a55172-7f07-4f4c-831d-7cff51616faa
Future Planet,756b5a52-d0c0-41b1-8b7d-93ddc2698a66
Beijing Huihuang Animation Company,d8d70c06-af9e-45dd-a4fa-68c82b32fe60
Kyushu Network Animation,e4a2fe4c-84c1-4c54-8dd0-01775f6eb6f6
Studio Core,0f50dfa7-5482-417e-85b2-9ddbe7da9c5f
Delight Animation,c146acbb-b9a5-4a66-bc1d-8ae0149b2b53
Idea Factory,c6e0412e-d86d-4143-8a2f-b7155e74f1f0
G-angle,e027a9e4-363a-4a33-9003-9ff92af1c100
Stereotype,945297ee-29c6-4eba-a51f-8902037f6ce2
Enzo Animation,4e4ab66b-8b40-4add-9df4-f697e44f6fc2
Next Media Animation,829d2529-a174-4bc5-bb1a-7e3ad55aae0b
Ether Kitten,f4f95c74-8fa3-401b-b741-fa01ee1c764d
Mippei Eigeki Kiryuukan,a170aaec-6a64-45ae-b1cb-9835e726c2cd
Visual Flight,4a0ac04b-e927-40fc-b78f-b9c43b77b20d
Pie in the sky,6362e1a7-dc3d-485c-98bd-fb9795e542d0
Puzzle Animation Studio Limited,3b8fc348-5e66-42bf-9cad-fe3e21aea498
Ultra Super Pictures,c25c6516-5ffb-4ad6-ba71-a2a3287b23bd
MooGoo,0cf4dcc7-f388-4a98-af95-5d2713f26014
Arch,2d3181fb-aecb-4874-a93a-69d5629cce33
Sakura Create,e7afa154-abce-42cf-b428-9f58b063178a
Okumaza,d6216966-a421-44c2-96ad-7263c621827d
Egg,fbf9f729-73d0-4986-a795-a4c271b032ef
PP Project,899d0281-7046-46e7-bbcc-9dfe2d683372
Soeishinsha,9360ee64-293e-4e92-bf06-953aa1275cd8
Indivision,1d15be52-41d0-4a2f-a640-c1b6273befe0
Shinjukuza,c0ae262d-0c44-4758-aeae-aeeba85eeb41
Bouncy,ae1c4a18-7401-4dab-b697-9f29b2c3d801
Shanghai Animation Film Studio,63d89f23-5784-4b1b-8285-f56dce3e6278
Buemon,21ff4b7c-2f0a-4444-b9eb-4682a8b5a3c5
Dangun Pictures,e8240846-d142-4461-8cb2-33fa0cbc3b22
Studio Crocodile,6fdd59ce-d1c1-437d-a578-df3b7d64701f
Studio 88,f55be90c-cb79-4ca6-ab2a-c5e0f9dda482
D & D Pictures,21277b1f-e890-4f44-a5ed-48da85b2dbbf
Studio Izena,7862528c-fd20-4b35-9244-4c145aef5522
MASTER LIGHTS,fc926513-f4da-4865-a14f-2eefc8d571c1
Aiko,b4dfcd10-5ef4-41ac-9da9-a94627369b94
Four Some,65533c32-6e75-430d-8cdc-5ea902bdb944
Sunny Side Up,0c8e2cd2-c472-4ee5-b32c-1c53a6d02aa6
Studio Dadashow,a1d1e049-bb0d-4ab9-974d-7c41f916484c
Garyuu Studio,9d5de12c-b672-46dd-8fd2-9050ebafa489
Bandai Spirits,a28557e3-9dce-45bb-9ef9-75095620ccb4
Happy Elements,9faa5877-8d6f-48e2-853e-a93898f7ae0d
Studio Gohan,073fd3ef-6a32-4926-b2f6-8998efff4b7f
Wolf Smoke Studio,dbbd9f9f-378d-4a85-bf1b-bb89953f04da
Production Wave,f5f4c4b7-ab68-4d00-a429-7164170f00c8
Live2D Creative Studio,640f9c54-8df3-4954-a58b-c227801d8b62
Sovat Theater,91048a9b-6fb0-4b51-9ee7-2b0f29ec272b
Echoes,90893462-6cb7-4d75-91dc-fb4355ce5dbb
Ishikawa Pro,99f173a2-2dbe-4e5b-a605-27002c175517
Nostalook,ced443b2-6586-4481-9a9b-b17d2e92d464
Shura,65de77a1-8ea3-406e-b40e-f8b18bdef671
Composition Inc.,0291b0a8-7c41-4bfb-b2eb-1208dd1094ff
Big Bang,bbc7cc4c-3da2-4227-8f91-103de30d4a02
THINGS.,efa9e0e9-e9f5-4159-bd18-c58131e457b9
Gunners,d5aa84c5-f2a2-4283-9e5e-b854ee00a88b
Stingray,48879760-3e4f-4c79-baaf-888d20c663e6
Soft Garage,6df11559-357d-4e1a-9081-08eb1ec57009
Studio Matomo,457939d7-2f42-44d2-85b4-abd47ef017c5
JM Animation,75bdf5b3-dc44-48ae-8567-971ee4c870d4
Saigo no Shudan,efc5a60f-e0f4-45c9-bb1d-23ff51ca553d
Husio Studio,5e308f1e-ba4e-4fad-8605-f82d8c4f5cf8
Studio Unicorn,22c35d15-a120-4f0b-bef6-e760413d6c46
Hiro Media,430e1d8a-45a4-418b-b841-73d015ad91e5
Tonko House,78b5beb8-c916-4067-8306-1cd4dfe97f5c
XFLAG,2fa47267-b669-48b0-9e85-d5b5f0fa09ff
drop,7dcfcae4-5ed2-40a0-a930-25d6c3a12112
An DerCen,4629a21f-9a14-4485-8a09-c5d7ee56a7e5
Frontier Works,5dc8b8fa-4d48-4fe9-99f3-d3dcd1ffab71
Mokai Technology,9f53c7a1-95ed-4549-8eb3-ef24c15a2402
Point Pictures,d7cd8a63-0e3d-4d65-af76-c3cdb06a8810
StudioRF Inc.,621e4807-db30-469c-98a5-227ca0965b63
Creators Dot Com,4bae6cdb-84e6-4c42-8dd1-54afac1b9e16
Synergy Japan,3a39727a-0475-4160-8ecc-00832f251fc3
Studio Kajino,ceb55c6b-3886-4e00-af9d-3cfc77dc59b0
Magma Studio,99a91467-a5ab-4040-8ac7-77e50dc85833
Joker Films,d6e4170d-b9b8-469a-9682-077f18d21ea2
AIC Frontier,9e5628a9-6849-4c24-a984-8630b43f9314
Studio Nanahoshi,9ee819a8-84af-46f2-9fae-59d67664e681
Studio! Cucuri,28ad6adf-8c00-4a52-8beb-bacb15b0b7f0
Tecarat,fad7de65-220c-4632-91f2-3610b775c658
OB Planning,ce5657ca-f8c0-469d-a172-d101d4aa4f92
OLM Team Kato,8977a46f-841d-456c-859a-6d5ef81f2f48
Maro Studio,3eac7378-271f-49e1-becc-3dcf17fd8212
Atti Production,9adbaac8-7251-4202-8b18-61efc85b7aff
Fukushima Gaina,4bd611e7-d702-4db0-b376-018dd002dc7a
Opera House,e67a5fdf-8d9d-416f-b07f-0cb63c645b1a
Pmats9 studio,0f06e73b-3ec6-40e1-a6de-3bcae77c9573
KOO-KI,ed6db0c2-a504-44b2-bbe7-ab59f3aa6c46
MontBlanc Pictures,2ff81714-dfb0-40b2-bb3d-774ecb5a52be
Network Kouenji Studio,99e1a32f-d369-4212-95e6-a9d447e9ccd8
StoryRiders Co. Ltd.,3c3f31d9-4fbd-4f1a-ba70-bdf8fd1d6ac8
Studio Signal,2ce84a35-e6ca-4720-ba3f-268da8bd8003
PPM,11a35a69-7920-40bb-a949-21a53b0b3302
Gambit,4ef043f5-9520-40f8-a87f-ce7f85d69a84
Making Animation,f428491f-b554-411f-ae01-1bffe558f3dc
Studio Meditation With a Pencil,cd4eb85d-9dc4-4dc6-81fc-4beb46bd3c50
Xing Yi Kai Chen,6c04af1e-c352-49e2-974a-652a876a47bc
Kuai Ying Hu Yu,3c0a4e10-8175-4253-a631-a92b922bebf0
Plus Heads,d67a616e-21a9-4a9a-8ba3-1165b88205a8
Atorie A.B.C.,5daa56d4-0c05-453a-bb45-113fa9d6d528
RG Animation Studios,184b78fd-79ad-4799-afb4-5d0fd0944d23
Liyu Culture,f0473859-1ead-4463-bb64-fce6d9a37a37
I-move,e97b0722-28d8-4697-931e-662c073bbc7f
Marine Entertainment,33dc3a0a-0d43-48f2-a27d-9c66c5d310f7
Indeprox,0531b608-19da-4ada-a454-8b4e0ceeb19c
Strawberry Meets Pictures,4bbd6ad1-acd7-4cfe-83f6-3c0220ecb2d9
Tanglin Culture,68d5361a-13aa-4e40-91e6-65ae9d03761b
Contrail,31eb378f-450e-47a5-9735-fe162327e9c5
Itasca Studio,d75d9b7b-b09d-46a7-ba0b-656e10cffbdc
Tengu Kobo,d2ad4dcd-a8db-4116-aaa1-34bdc3c5f7fd
Studio Pivote,957622d9-0c39-48fe-a511-85eb5de48d9c
Studio Coa,0ad2f0da-9987-4867-a086-77f1aa2bda69
Studio Tumble,1c06f572-20f6-49af-b831-5cc66862a18f
Production D.M.H,98bd4bfb-24a6-4f96-8b73-5ede355d6976
Xiaoming Taiji,e97faccc-fb50-42ee-a6c0-2c02941d9c0e
Sumomo Film,b2bdd1d7-8b05-4d13-a1c9-5860ef8992f4
P core,238a9e65-90ba-47cb-9c75-8637812ff950
Kyotoma,e18b76b5-b1b9-4a05-8212-22c0c9e76788
Office Nobu,dd3c1d1a-2be9-454a-8897-730ee9baf345
Lide,72973020-debf-478e-9e41-1eaec5f38c9e
Kaeruotoko Shokai,89b88915-8449-48dc-a925-2e3384f26e4e
Cyclone Graphics,b5e75f22-c53b-4fee-91e5-9e54f5be5041
Shochiku Animation Institute,19e6771c-590d-452d-9582-c5b15450aac0
Changchun Unity of Knowledge and Action Animation,7bfe274f-4c03-4d1e-a887-286c5447ee04
Keica,938831df-cbeb-4fef-a08b-93ac168ff130
The Monk Studios,df36c0ca-278a-4001-9a5e-241849a7bc7c
LIDENFILMS Osaka Studio,043dccd3-3a3b-4ed9-aec5-21d813287ee5
Asmik Ace,d2226f6f-a761-4c2d-9a1d-83c05c2e1118
Inugoya,8613ec50-6d52-48db-a9a7-ae401d3f10b6
Chiptune,87add29d-9a22-448d-ac0d-e7f6294ba1f1
Dawn Animation,94426d4e-c13c-4a53-8020-1fe918573de6
Sonsan Kikaku,e51c576f-6680-4a5d-af21-791f414e8a8c
Iyasakadou Film,46e60b9a-acbb-4f31-8414-9e73ef78ee8f
7doc,aaabb77c-a66c-4549-b441-39e15763f4e0
TCJ,911a21f4-37ad-4507-a2b2-11497e499178
KKC Animation Production,878f7247-9faf-44ec-a5ab-76c960f8ee60
Taikong Works,e09cefed-86ec-4807-b981-c024f8b532a7
Chosen,957e3e66-f949-42bf-a6d2-76d657f7c50f
Asura Film,0e636719-2ba7-4c01-be03-db976814197e
TOHO animation STUDIO,62fa0202-00d5-44be-bc30-152a287ae9e9
Studio Kelmadick,c875d99c-c7c5-4155-a9d7-d6c2e442a313
Boyan Pictures,7c28f6bd-3a76-4209-8227-b7f6fb427828
Poncotan,bee70cb5-34fe-49a4-89e9-d956b49b1c13
JOF,f1250e8b-1760-4163-9875-c7d6a7e06e66
ACiD FiLM,3723b1df-4433-40bc-92e2-c67d22dfdfaf
FOREST Hunting One,22cf417d-5048-4a28-b1c0-fa16dc764439
ACC Production,04637369-017b-4505-984f-132b695a0d5b
Movic,2f97a626-ee33-4a44-855b-6a906e668571
Transcendence Picture,232e4506-1c85-4ce9-8a47-fb7ec1f2f93e
J.K.I,3d63a28a-f24c-4126-9a3f-86b3c72e7f5e
Bandai Namco Filmworks,22253489-3f30-40b3-9737-61bf61130e0b
SBS TV Production,97353b8a-b626-4f7b-a25c-6166554ebc55
I.Toon,74249c36-0a3c-4123-9340-2329b2c8e5d2
Paper Animation,6818319e-6ede-42c7-8828-2d2665c7ac88
Studio Hakk,752159f1-43fa-4264-a5fc-8a113389908d
Quyue Technology,22e5347f-6551-4135-8dc5-e639b9c636cf
Blue Note,0d701873-9d18-453b-beb6-596782a64b79
Kenji Studio,b5ec4bda-3e5c-4a6a-9076-1e83ed6a96cf
Eshoya Honpo,5874082a-721c-42a2-b81e-b53132202712
Aiti St.,88b2cbad-6c06-407d-943d-9ba864de2665
Studio Shelter,5d78fd98-349c-46f8-bdbd-3f389336391a
Onionskin,afbce246-be46-4ca2-b2f7-ca1ded882bba
Office AO,9cab3068-25c6-482e-9008-769a590de5c2
M&M,7f6a29fd-31f3-4019-8793-b4f96ba38a00
Green Monster Team,09ce309b-3510-400f-bd2c-cf1311c9892b
Alice Production,2fa78c8c-6ae7-471a-82a9-c78e93ce02c6
BUDDHA INC.,97a4b63d-5981-4791-8b66-e95b58657672
Piso Studio,df31eacd-df75-4550-99de-0242a9c3d37e
Studio Take Off,dead2fa8-0b7d-4354-b0a2-1377c82334ac
Studio Wombat,c2031025-900e-49a5-b8a1-91a0a04aad18
Sanctuary,204557bf-3045-4f88-9781-4794c187e6f1
C and R,ff4d0c2f-75c5-4fd3-a28b-e7119f977f49
RAMS,dda812e0-c9de-41a8-8d85-d5a24c94197d
pH Studio,1afd2f09-c05c-4f08-bd56-305e61cfde85
Tomoyasu Murata Company,248675d7-1776-4e53-a716-e1d5ab5773d8
Toei Video,de156253-1dfd-43b3-8dd8-f986baee757c
ORENDA,8e2035fb-072a-41a6-aaad-b0365c991901
ARCUS,e48c17eb-0c68-4c64-afcf-dda13c88a4dc
HuaDream,ee814c86-6baf-4184-97f4-6fc6715391f6
Hai An Xian Donghua Gongzuo Shi,49c3d5d0-9683-420a-8f56-d39c922bcf4b
Tsubo Production,68ca3696-66d7-4f1d-b5ee-d28745b67b81
Romanov Films,1625693d-9b83-4706-980e-909cdaaf0921
Ripple Film,00e96d98-c716-4fa9-a9c5-9971d99714a8
Gyorai Eizo Inc.,f05696a8-313c-4ae3-a9cf-aa38db4b09a6
Spooky graphic,7e3e1054-bd89-44c8-ab8e-ffb17c49a492
Kigumi,37def240-3374-41d1-8e54-e05009d51b01
Caviar,82c64850-9479-439f-8808-33213f5e9461
Neft Film,2952bfc9-ecfd-4bd8-82b8-7eed4e5c767a
Project Team Muu,99600aec-1372-4bf9-b58b-51a3297e22bf
Sotsu,27b71545-d8d8-4144-b3b1-896c84a63945
Digital Media Lab,5d6400dd-1b70-4e61-8da5-b3516ac8de6b
Studio Ppuri,3d44cb4f-b463-46aa-88be-3dfb02b15f3a
C&S Production,0f920776-0352-4289-bf0f-d161755999f4
General Entertainment,a9f03787-1fe8-4268-b592-9ce884ff0485
Studio Korumi,af16e028-0bdd-468c-a6bd-27a641fd4844
Circus Production,0a360fc1-79e4-4449-82b2-e8fce256335f
Mikimoto Production,9bfe3151-c160-41c2-bdc0-b3dff2112516
Ai Yume Mai,baaf8da9-afcf-4a11-8f4e-0dcf61191864
XFLAG Pictures,f117099c-cecd-476a-87f2-3362cd81324a
GUMBLAB,f7d3a637-c568-4a28-8994-67cf7a7bacd6
T.P.O,dccf930b-24cf-440f-b7dc-94ef53d60471
Studio Dolphin Night,347d1c5c-3192-404a-bfc4-e2fe2c3f70ba
Potato House,1ec6fdba-76dc-40db-89d6-a528054ded1d
Saber Project,586938b5-39e7-4e38-8c8e-1b5ac9810d53
Tong Ming Xuan,a93f2a5f-868c-4c7e-914e-d2c16abf0c11
AMGA,8b0a0fb6-737c-430b-8efc-02a52d474b90
Oddjob,03fcb109-0d66-4c3f-a470-bc1845efc331
Congzhuo Animation,b3f3b864-e6bc-40a8-b0a3-fb4697f285f8
DOGA Productions,d4bc63b5-199c-4d3c-8e8a-cf87af82cc23
Arcturus,ecc0f9bd-d99b-4d12-b782-6d32fe7f7d07
Dynamic Planning,43b269bc-d45b-45f9-8407-a59ed00d4a7a
Haneda xR Studio,8483f3c7-3a3e-4a4d-ab45-3c9ba9b6a0df
Qianqi Animation,5bb1da81-77b1-4314-b6b6-e813a4ee0b2e
HS Pictures Studio,b0a1a5d6-4e35-4df3-8a46-be388684094a
CHOCOLATE,8e533f90-48f2-445e-9107-55a13af22e2a
Lead,1e945a1c-a73c-4d50-9073-222a8dc8fa92
Transistor Studio,1116c20d-d65b-434a-9770-e1f700ac078e
Studio W.Baba,0bd1c166-845a-41b9-b2fa-7407f022ff3d
Kusama Art,f94b9a8c-76aa-4446-9a92-407a16adfc8f
Gonzino,b3468324-5775-44db-9bbb-8d1361464d12
Imagica Imageworks,2c766ab9-8129-414b-b17a-0475f4807f7c
TYMOTE,52e86d67-3036-486e-a6f4-9fde6a36edf9
Spoon,13be908f-515a-40f7-9cf3-1b3381e01eeb
Trash Studio,d445437a-8501-41bc-9a8c-6fef7f9d3166
SIGNIF,b744cbc1-bd9a-4503-832a-36106c0a9eca
Brio Animation,a708f0a8-93bc-4671-b5ba-f4b125a998f3
Tokyo Media Connections,c8213822-c9e5-4fc7-ab31-3755b6d9e31b
Poly Animation,5b28b1e8-1b2a-4810-aa6f-5c5ca8729717
Kamitsubaki Studio,7730ca97-bc10-430b-86c1-81a3c4a03ce6
Momoi Planning,35a94b3d-4116-48e8-af8d-2637600833fd
Nakamura Production,2c7f1622-d6a8-4335-b9da-a7381d953cff
Vasoon Animation,8ecc5a86-7e03-4e4c-bb38-423e24e215e5
Studio Guts,e6a01750-00e3-41af-a75f-22fa189bf000
G.P Entertainment,de03c8fd-64fd-444c-93e0-20a7d6414b57
AIC Project,1dcded47-38b6-4c88-95ea-d7f6ddd73af3
Studio Nuck,47f90014-41ad-4802-a70b-19d9befeda66
Pops Inc.,06ece924-17c1-4a64-b83e-404e70c5cd3f
Studio Himalaya,bdff2123-bb80-45e4-b283-184e245ab17b
Yi Chen Animation,bfafcadf-39be-4c3f-b36e-7c2e034adbe3
Echo,25856eaa-26c7-477e-8839-5729da7eff0c
Animation Lab Japan,226dde5c-55b2-45bc-8f9d-d0e056bee07a
Planet Nemo Animation,d3d3556f-bec7-46f7-87b0-9af2da05f867
Kate Arrow,6d43b657-2ebf-4372-a0f7-cdec7e89d887
Ekura Animal,dc627f6d-8120-457c-b959-eecd5f67d75e
Wako Productions,85d92b9a-730d-4045-8cf1-1dbfc48f4b5b
Suspenders,905d2b2f-56ac-4508-b9a9-ffb49fdfc5cd
Directions,6c09b692-9bfe-485c-9d66-d2f3f81f2ff6
SELFISH,62e0ff0a-f734-4779-a960-998f51879a9b
Takahashi Studio,acb7d161-177a-42e3-825d-176eb968c5aa
Suna Kouhou,5df0f5d4-5647-488f-87d1-4df10eb69a73
Kuri Jikken Manga Kobo,7ca5e568-623b-41cc-a636-474830946cb4
Jinnan Studio,d8735197-224f-44e4-b302-5badd297f116
Hong Ying Animation,2253f690-b095-4565-b889-ff91006bdc52
Griot Groove,91050fe8-7fba-4abd-b29d-ff3a91aded09
IKK Room,51c2e4b9-5b93-4f19-9921-b74c88bb2650
Bebow,9f80a544-79b1-4104-8375-ed08f4dbacb2
Shimogumi,f0a6d2ba-5c61-49cd-a5b3-e99abc256363
Flying Ship Studio,98c8124c-be8f-428e-bbc8-1e1f670b1f30
Hand to Mouse.,a7ad3b35-2878-43a5-a769-ef64b06d35fc
Super Normal Studio,c068e7c0-d668-462f-81ec-73bf4ac77f52
Deck,57f03070-267c-43d1-91b3-795aa140787a
Cutie Bee,a2beea6d-722d-4f6f-b2eb-bc093f3f5d24
81 Produce,7fdaa3de-a8db-40ec-9438-69bd2f24a258
Wise Guy,605d1488-8e1c-45c1-b912-b583ccb9d976
Mirai Film,ea57a5f3-92c7-45e7-8a42-2b297c1be166
Studio B&M,37e58d17-091a-44d0-a2a4-0cce84ed712c
Eallin,17e5dc76-984b-4f12-9e56-e391b251ac86
Studio World,88e42c0c-41e1-40d9-86ca-72f30a0d6f76
Kaca Entertainment,6184378e-fec2-439d-805b-237b9ef013e9
Aurora Animation,fe12fbab-84dc-4bc0-adf8-e3bc8a025a80
VCRWORKS,91007005-bc80-481b-a96c-f4855da8e7da
Otogi Production,a99826d3-47d6-458e-9e7f-79d1c0e585eb
MI,d7ace08c-4a20-4b8f-a75d-369bdd3573b5
TOHO animation,2f699895-78d2-4880-8eea-1eabaab0eef6
KAGAYA Studio,55ec6fb4-6341-48fb-bc38-e9da8de6e8d0
Studio D-Volt,4606aabb-43f7-4847-91df-b4f94196ca0d
Jichitai Anime,0eb6dcf3-afa1-47fb-b694-0f8205c8c4c9
Karasfilms,19db6ab3-50f2-4d51-85a7-75bbec2cef9c
Studio Kingyoiro,b3209563-e920-4d6f-b5fc-b94dcf5892de
Studio UGOKI,df81c2b9-c193-4a7e-845d-8a602f22dc4a
GAV Video,9c897471-2cc3-44bc-ac4f-746dd7f61588
LB Commerce,78cdbe95-8afc-4e5b-affa-c106a0e8b90f
Ripromo,18c76d8f-3c05-4c99-8e6a-ee26a6a3bcb5
happyproject,c41e404b-a9fd-4a27-b744-86861dab2a46
MAT,c65e99f0-0612-4529-8ef9-edd35c33fc7b
Animation 501,d72ff4ca-a3fc-4d5b-863f-8fabf9bbc304
Twenty First,01c1a095-28e7-4ade-89e7-5d8b0c853370
yell,6495836d-5329-4b5f-889a-68094e6c1d53
SJYNEXCUS,6a27cd9b-aef2-4750-a345-36267bfe5d1e
Studio Khronos,8b3e56e6-c99b-4004-b58a-88c2d737a56b
Creatures Inc.,2d90f9c1-4204-478b-a176-53014ff7b789
W+K Tokyo,b069c76a-c226-4459-b4f5-3c3bc35bd7fd
Welz Animation Studios,e6b40d3b-832b-457d-9284-bd1a513d0537
STUDIO6'oN,76f35f47-0bc2-4ec0-8163-74870d47dc22
Sanrio Digital,3dc9fa7a-ff8e-49a4-a990-f7a28e95e967
Tsukimidou,8ad7c19f-d914-4f22-b7c9-3de4956bcc23
Mad Box,5d173c25-f295-4020-bd7b-efd60caa2768
Shueisha,22696d95-a08f-4282-89d6-e88932e53a18
Drawing and Manual,22d96d0e-4ac4-4142-9a78-40a7fe8f091e
Usagi Ou,8ac293fb-7157-4552-b9df-bcbe2944b512
EOEO System,3ea0a7a6-4bea-4b11-89d9-94637bc45667
Picona,8792cb73-90b5-4871-a44e-3f2a7f366a2a
Monster's Egg,124a4702-49a4-4166-b465-f8fef1077839
Pollyanna Graphics,1293b2e3-681d-4c93-b6a2-df2a1d81c534
AION Studio,b5706a73-7ffd-47db-a4b2-c4e379466dde
Gakken Eigakyoku,927225ff-657f-4c98-b1ad-311be529fcbc
Project Team Sarah,ac7e8766-b5fa-4b62-96a8-feb7e17b05e4
Mirai Fusion,1d298759-a732-4c15-b097-d45adf729bc1
GA-CREW,cf173fe2-eb3e-4e74-b672-03352a386211
Dyna Method,8a08dff9-c75e-4d1b-b9f9-f334198971b6
Spell Bound,cdedaa9f-5f54-4e02-b98a-a1df4523e57d
Speed Inc.,243c90ed-7f49-4863-ada5-46320a67b8b4
Liberty Animation Studio,836119db-b9fa-4003-be5b-6f986494b672
foodunited.,d84a0ca0-6fb4-4ae7-b26b-babd3fbaba68
Marui Group,cf223a7c-e3a3-4221-8109-02e8de6835ba
Anon Pictures,7fbd9487-f2b9-4b64-96c1-7e49af9b6f7d
Studio Binzo,ddb80d78-d1cf-4ae7-bf38-f6bde9e45921
HIDEHOMARE,0d54789b-03d8-482f-ad29-534180901dab
Moss Design Unit,76aca7fa-393a-4d29-a4cd-0f1cfac4e018
Decovocal,4c2b1b53-4ac3-46ef-9876-6046e7f38bda
Studio Jin,5a3bde74-431f-4b61-8e02-fd6a02902c8e
Makaria,b6c40d34-bd5a-44af-9e84-b25e4a53e381
Tsumugi Akita Animation Lab,991178bf-57e8-4881-acb0-ccb00c312489
Unend,ec7b80ff-ebbb-4173-9a3f-eb780acf337d
Studio Add,68821e4b-5100-403f-a33d-faa52aea9bcc
Studio Fusion,7e3be8e0-c54f-449d-b6ff-4879181fb550
CompTown,15416489-5c5c-4150-86fb-f5e36b70d622
CUCURI,b34dbe0e-d577-470c-9263-47fd7306a92e
Automatic Flowers Studio,64528734-8d40-4ff1-92d2-f0b9e96e1fc2
studio hb,9a5b55f1-2678-4fe1-a747-344e3347a0ac
100studio,cdc75a76-7bde-49f7-a8c8-8da983418618
E&H Production,a021c9f4-26e9-4829-b661-c5ceae2c0f55
Voil,c8492e80-f4a5-4e2d-98bc-62e0f0beb6d7
Will Palette,c1be5d16-2d19-4317-a686-5a75e433d623
Tsuburaya Productions,0b64a869-e34b-4cef-b373-dcf3f6fa5f87
Durufix,4d270499-6d64-4307-8efb-8f796f91a9a3
Story Effect,c0d853f4-9664-4ca6-bdc9-281c779f9fcb
Noovo,6c2e2d18-2665-4617-a7b4-43fbfcba7a42
evg,ade32df5-4992-4e46-ac70-e1bd878b9106
Grom,ec98aad6-4f63-4ac7-8a51-6d89aa3a8917
Aurum Production,e3e6c626-4980-4773-bd43-95a19e9b768b
Reiki Eyes Animation,76ea9334-af6f-44aa-bc36-501633478ecf
Wei Chuang Jiang Xin,1a1cb4ed-cf99-4bb6-9307-5ebdd2d1243b
TypeZero,571b466e-7086-4814-b957-38588fe2bf80
CCTV Animation,dc8b2424-d0b4-48f0-9fae-6a70911f2e20
Amineworks,4b3592cc-8f3d-4688-94b3-cedb07733076
Sasayuri,cd4e15d8-22ea-411e-9211-e5e858509757
New Deer,ddc73a11-1b2a-41bd-9e9e-1afcb769e48b
Three-d,153f739b-ee8a-4260-bcf2-c129012b0dcc
Dancing CG Studio,b006b10e-8b34-4911-8aa7-01185cd6b7b6
Studio HUIT,425ae56f-9a6f-423e-8e3c-722f404f5655
Studio Sota,fe043e76-1dc2-4909-a080-d546cd7c2854
FIREBUG,d373e0d5-aabd-4195-a827-1b2a0f0dd7fb
SPEED,0ce4c2d5-a6ff-4d11-8d93-aeaf90614ee6
MMDGP,af1750b2-d30b-4761-95b4-389f0156af74
Shengguang Knight Culture,3f2fe856-a82d-4333-a5de-adfb070df22f
TANOsim,14fe568a-bcbf-46d1-ad45-9f88bb6158c8
Pony Canyon,90fb480b-50d4-4874-8b21-e99dff862842
Sega Interactive,f7315d43-9276-4d7b-bfc3-38d131a4f20e
Coastline Animation Studio,4df06355-4fc0-479f-b448-1cacfcabc2c4
Original Dream,9a1ee0b6-61c8-41d7-a687-31cd41bad646
HeART-BIT,fd08eb9c-d0b1-4f80-a3df-6ceeac60c330
Taomee,ae542174-7d33-4c3f-ae9d-c973e2dc73fb
Anime Tokyo,4c2ca96a-9930-4c4f-9201-844f6cb4d2d1
Imagica Digitalscape,ee4acc25-9ee7-44fc-b99d-75075a8a9549
Myung Films,50a32c51-3ea9-49d0-a794-e2abb0f3d2b3
Miyu Productions,b09d9264-7a0a-47ad-b4c9-fc6ae0a3cdda
SAMG Entertainment ,88162d06-ce35-4c28-8e4b-eec52e21958e
Ai Si Animation Studio,4a891e02-f1e9-4f11-8f8b-24928a0dc8ae
Medo,ae19f82a-5e18-4b81-96ab-4b92d9455fd3
Ten Tails Animation,3b7d8153-d4d2-4718-922a-3dbdadd204f6
Fengyun Animation,b9d8cf34-ff6d-4a0d-b3ea-2107e4b6a559
1IN,c425a4c1-aacb-4373-94f7-69031b3ec797
CANON RECORDINGS,1bd82d5d-5320-4a78-9d6b-5696da806c34
Yonago Gainax,1b046734-1943-4377-bcc6-150ed8f7f386
Qiying Animation,63d5324c-5a32-4cd9-ac8a-71520960172d
33 Collective,6628e6bf-f12d-460e-844c-1350f9a96a15
Xanthus Media,3fa711ba-7819-4dc4-bcd1-fd2542155b84
Delpic,e471437e-b792-4c13-b139-87e032b9b440
TOCSIS,09acb880-4f56-437a-a126-0f1f4beec5a0
Au Praxinoscope,61b0777f-2bef-43cd-a4c5-027a3aed4d3c
V-sign,b1b226c0-d1e6-45ac-9088-989071c4b4c5
Shanghai Hippo Animation,c5f19bcf-8f1f-4955-9543-8e9ce2578972
ANIDO FILM,f7046719-8acb-498d-b305-348bb85929fd
Cloud Culture,8709da86-df92-4526-90d2-ec83e7608c38
HM Heros,be55d45f-1c05-478b-a875-274d69862fc6
Kamio Japan,71d6b642-12c5-4a68-96e6-ec80cb35dd7b
Dazzling Star,52e97e92-3035-4e54-9167-935014b70377
J.C.F.,0b41f3c1-f54e-4680-9782-04809d141736
Genco,15179fc0-5fe9-4460-8a59-1c91edcd2c60
HoriPro,c7d3e0ca-4172-4914-b7c7-2c38eb679278
Olive Studio,63073b2c-7a88-4494-b588-2743495b2338
Takara Tomy A.R.T.S,58b33d25-711c-4db5-95e0-7eef81b61e88
ANYZAC,32a40a10-08e4-4d59-89eb-62db48976435
Studio Easter,848474c7-d497-42bf-9e19-0109eede4dff
TthunDer Animation,cafc9a81-af8a-4b5c-b946-872268819ab0
Wong Ping Animation Lab,a0a5c6c6-8582-49de-a180-01f68d48cfb4
Yinhe Changxing Culture,1ad41842-7c64-4862-afd2-e6539c3274ef
WHOPPERS,40139cbf-37d4-43e3-a263-5e05d19766fb
NHK Art,18e21e3a-433b-45f5-9f0b-1ba8773aa071
Enjin Productions,33ffde56-cf6a-4157-bd1e-6ad92779c107
JJJOY Animation Studios,c7baa8f7-3d10-41f5-acdc-3804ba835478
Benlai Pictures,d99aa441-e5e4-4d5e-9502-47704f065203
Ekakiya,a419988f-54dc-47d4-908a-bb529afd995b
Fantawild Animation,445cd68e-51aa-4119-a87c-250d1b05dc61
Infinity Vision,82692f4a-8809-40e4-9859-a1040a169960
Starry Cube,867f7695-a469-4ae4-8812-7b717f7c5321
SEK Studios,7a7a5d34-beed-4e7d-bc2c-2d1e959680ff
cogitoworks,d22cd776-c056-42c2-858b-7a724fb41e93
Earth Design Works,30e2ba71-d5c2-439f-ad4c-175cbb422a8b
StudioXD,ac27c276-ea20-495a-99b7-b0cde7f5f2bd
Guo Pengzi Studio,20f4a1fa-bcee-4c2e-bb9d-1b6ab3523f57
EDP graphic works,a9a21b9d-11d0-4f20-8a5f-2755df2cc91e
Borutong,7b9743f6-6cc3-4500-88ce-c6c60b1fa5e2
Uguisu Kobo,870f713b-3f7f-456a-ab6e-2aab132f9c9b
Super Brain,5f9d35fe-e479-49cc-8651-0e631b742217
NANON CREATIVE,4b1d6e1c-09df-4e8e-bef0-c16cfca3fa05
FUNNY MOVIE,b496712e-b21b-45c0-badd-d599b1b5cc42
Studio Lemon,cf7dc8b4-ccd0-429a-9274-3a0d8e4a1a30
Steamworks,5597a71c-352e-490a-9971-cd5052a2eee4
Studio A. Craft,cfd32480-3fc1-4620-aa0f-793ce44a3833
Studio Vandal,3f4a6cb5-8206-4669-b306-ff7b1b506aac
studio YOG,b5d94c4a-847a-490f-a745-74962861cf8c
CMAY Animation,f2d35afc-4fcb-4e2f-9055-f45644a20c38
Toyo Links Corporation,1dc2caf6-6616-4b05-b83d-54dbf3e4149e
Goto Inc.,04ce5305-828b-403a-8558-5d24e43e9660
Brians Film,f10b3048-aee2-4a04-af0d-79d2de956293
Bigcat Studio,378fc529-919c-47ba-980d-9b5ecbbf1846
The Village of Marchen,93ef59da-0a60-4989-924b-67e7a845e75c
Creative Power Entertaining,c61c88d9-10f3-4e69-922a-943609b60a11
studio NAGURI,ab7526a7-90da-4ed1-ba09-fb6ee1bb1999
Angle,4cca884a-bf55-4dc3-b287-98708816ce11
Slow Studio,2581e70b-5c94-46f5-bc9f-f93b89b83129
flag Co.,089d2eb3-5e6f-4762-9295-b43ed1c4237f
6pucks,0beed5ba-a072-4449-bec0-c3056addc6f9
YURUPPE Inc.,d39de346-e22e-4608-911a-bb28daac9768
Congrong Film,4581ce09-52a7-473b-bc37-78450449b3a6
Keyring,16c25336-5995-4ede-b042-62c88152bf37
Oyster,08aa893a-d349-40c4-8321-a3752f546ee3
Sankaku,77363003-89cb-4b4c-b384-5c6698a547cb
trenova,165957db-0feb-4e3f-a35c-a1f965cd0b24
Ice Butter,1339fdda-489e-482a-9f4d-e9a0824e3be2
Shikachan Studio,8e187350-67e8-4137-88ac-30201ec58365
Central Animation Studio,13e9ba39-5871-4dd3-a37c-ff9a2f4365e9
Hananona Studio,15d9c139-d5c9-4146-8aa2-4a462f0e1d68
Imagestone Inc.,254a03e0-6c92-41c8-baf8-2ddade01f3ab
Youku,b3c5b64d-8d0e-498a-b61f-398ba0620066
Misogo Animation Studio,7139ba12-7964-4fe5-b24e-353406295f34
Hu Po Donghua,b46eb5b8-7b31-4879-b4ef-04a3e7e93003
Hezmon Animation,886224fd-ef16-4b9f-a21d-821746f38732
Shadow Steps,a9d84d20-cb8c-41a0-8508-07ca99889550
Xing Xing Donghua,bdd68246-16e1-46ce-af53-b6a0c4783671
Studio Artegg,d0d75220-7bf9-4513-8dec-5af25a15aa61
